"統計年月","區域別","村里","戶數","總人口數","總人口數男","總人口數女","M20_34","F20_34","M35_49","F35_49","M50_64","F50_64","M65_79","F65_79","M80up","F80up","投票人口男","投票人口女"
"10309","苗栗縣苗栗市","上苗里","778","2033","1007","1026",204,177,202,208,221,232,144,127,66,44,837,788
"10309","苗栗縣苗栗市","中苗里","540","1423","692","731",143,130,167,155,140,131,94,55,37,37,581,508
"10309","苗栗縣苗栗市","勝利里","1503","4611","2308","2303",570,576,465,498,550,507,261,222,121,99,1967,1902
"10309","苗栗縣苗栗市","北苗里","2158","6254","3076","3178",697,714,708,656,732,642,317,292,102,90,2556,2394
"10309","苗栗縣苗栗市","南勢里","807","2420","1274","1146",283,310,223,285,260,266,115,90,50,65,931,1016
"10309","苗栗縣苗栗市","嘉新里","1090","3586","1797","1789",434,461,327,361,445,426,199,158,72,53,1477,1459
"10309","苗栗縣苗栗市","嘉盛里","1351","4333","2175","2158",481,543,461,471,450,429,261,240,101,82,1754,1765
"10309","苗栗縣苗栗市","大同里","263","673","319","354",74,63,70,69,77,77,56,39,33,17,310,265
"10309","苗栗縣苗栗市","建功里","1886","5347","2580","2767",558,580,639,512,625,467,289,258,100,64,2211,1881
"10309","苗栗縣苗栗市","恭敬里","602","1637","797","840",180,195,180,176,203,164,97,88,37,22,697,645
"10309","苗栗縣苗栗市","文山里","1382","4478","2271","2207",483,520,509,484,447,417,208,192,63,41,1710,1654
"10309","苗栗縣苗栗市","文聖里","1250","4092","2088","2004",432,506,521,514,388,353,166,122,47,35,1554,1530
"10309","苗栗縣苗栗市","新川里","519","1473","783","690",147,160,145,176,137,172,77,97,51,33,557,638
"10309","苗栗縣苗栗市","新苗里","376","1034","519","515",129,123,103,95,122,139,78,63,33,29,465,449
"10309","苗栗縣苗栗市","新英里","693","2088","1084","1004",228,261,216,230,235,228,68,85,49,41,796,845
"10309","苗栗縣苗栗市","水源里","1048","2891","1426","1465",351,383,326,300,343,322,143,112,55,32,1218,1149
"10309","苗栗縣苗栗市","清華里","1337","3743","1828","1915",421,426,365,327,464,406,266,216,110,92,1626,1467
"10309","苗栗縣苗栗市","玉清里","945","2768","1386","1382",236,286,283,292,293,291,216,182,80,56,1108,1107
"10309","苗栗縣苗栗市","玉苗里","414","1157","571","586",118,135,123,116,122,117,87,76,31,20,481,464
"10309","苗栗縣苗栗市","玉華里","1427","4536","2283","2253",446,502,472,504,464,452,329,242,99,71,1810,1771
"10309","苗栗縣苗栗市","福安里","1380","4192","2094","2098",469,540,501,519,468,357,165,140,65,48,1668,1604
"10309","苗栗縣苗栗市","福星里","1650","4982","2453","2529",565,580,557,576,556,471,246,225,94,66,2018,1918
"10309","苗栗縣苗栗市","福麗里","2196","6289","3155","3134",697,690,677,693,684,647,357,300,98,88,2513,2418
"10309","苗栗縣苗栗市","綠苗里","413","1092","569","523",86,104,117,118,116,138,86,76,41,25,446,461
"10309","苗栗縣苗栗市","維新里","1422","4629","2363","2266",457,578,433,502,538,473,315,264,129,93,1872,1910
"10309","苗栗縣苗栗市","維祥里","1362","4168","2067","2101",459,494,454,453,462,419,277,185,105,84,1757,1635
"10309","苗栗縣苗栗市","青苗里","487","1284","612","672",118,116,134,127,151,140,109,80,39,27,551,490
"10309","苗栗縣苗栗市","高苗里","1256","3723","1909","1814",391,463,435,436,403,382,173,139,60,66,1462,1486
"10309","苗栗縣苑裡鎮","上<U+8218>里","561","2032","1084","948",247,258,186,225,191,263,109,112,54,38,787,896
"10309","苗栗縣苑裡鎮","中正里","751","2631","1375","1256",295,336,261,283,251,280,144,119,52,41,1003,1059
"10309","苗栗縣苑裡鎮","南勢里","295","881","479","402",91,99,74,90,83,128,51,61,42,23,341,401
"10309","苗栗縣苑裡鎮","客庄里","1522","4958","2484","2474",572,638,528,479,547,496,211,206,99,51,1957,1870
"10309","苗栗縣苑裡鎮","山柑里","487","1773","945","828",203,225,187,224,153,168,80,74,29,17,652,708
"10309","苗栗縣苑裡鎮","山<U+811A>里","553","1729","887","842",196,179,152,194,173,207,128,113,58,41,707,734
"10309","苗栗縣苑裡鎮","房裡里","813","2885","1514","1371",328,360,266,305,290,325,127,137,74,43,1085,1170
"10309","苗栗縣苑裡鎮","新復里","485","1673","844","829",216,187,189,202,138,187,77,86,39,31,659,693
"10309","苗栗縣苑裡鎮","水坡里","249","813","440","373",76,89,73,98,66,84,45,59,35,25,295,355
"10309","苗栗縣苑裡鎮","泰田里","590","2062","1101","961",244,277,211,222,182,228,99,115,37,30,773,872
"10309","苗栗縣苑裡鎮","海岸里","421","1400","729","671",155,144,145,184,119,139,74,65,41,32,534,564
"10309","苗栗縣苑裡鎮","玉田里","613","2160","1134","1026",252,299,220,258,206,251,93,86,49,27,820,921
"10309","苗栗縣苑裡鎮","田心里","625","2240","1164","1076",250,281,280,293,184,198,95,97,33,20,842,889
"10309","苗栗縣苑裡鎮","石鎮里","205","686","370","316",69,60,73,94,58,79,48,47,16,22,264,302
"10309","苗栗縣苑裡鎮","社苓里","787","2858","1471","1387",342,323,308,344,246,295,142,132,57,40,1095,1134
"10309","苗栗縣苑裡鎮","福田里","426","1525","806","719",170,188,142,189,141,167,88,100,57,32,598,676
"10309","苗栗縣苑裡鎮","舊社里","680","2297","1163","1134",292,263,243,272,211,225,132,112,52,37,930,909
"10309","苗栗縣苑裡鎮","苑北里","366","1074","559","515",120,137,94,118,110,123,74,60,27,17,425,455
"10309","苗栗縣苑裡鎮","苑南里","672","2073","1021","1052",242,229,210,217,223,213,124,109,63,40,862,808
"10309","苗栗縣苑裡鎮","苑坑里","368","1175","626","549",135,122,112,150,109,131,56,72,34,25,446,500
"10309","苗栗縣苑裡鎮","苑東里","852","2733","1381","1352",302,325,312,329,262,261,139,91,58,37,1073,1043
"10309","苗栗縣苑裡鎮","苑港里","437","1562","823","739",174,184,153,198,140,160,82,81,42,18,591,641
"10309","苗栗縣苑裡鎮","蕉埔里","345","1013","544","469",96,101,89,141,93,104,70,87,31,23,379,456
"10309","苗栗縣苑裡鎮","西勢里","725","2472","1272","1200",277,319,265,260,266,243,107,99,33,26,948,947
"10309","苗栗縣苑裡鎮","西平里","531","1900","955","945",230,234,190,198,181,190,82,79,43,39,726,740
"10309","苗栗縣通霄鎮","五北里","515","1804","959","845",204,236,148,209,159,198,111,103,64,41,686,787
"10309","苗栗縣通霄鎮","五南里","497","1643","844","799",175,196,163,182,181,180,86,92,44,29,649,679
"10309","苗栗縣通霄鎮","內島里","295","956","516","440",130,113,89,118,81,122,43,54,30,26,373,433
"10309","苗栗縣通霄鎮","內湖里","664","2355","1245","1110",265,281,224,253,212,267,126,126,65,49,892,976
"10309","苗栗縣通霄鎮","南和里","339","957","528","429",75,85,86,112,94,124,67,81,44,37,366,439
"10309","苗栗縣通霄鎮","圳頭里","271","892","480","412",98,98,65,93,83,122,57,64,35,23,338,400
"10309","苗栗縣通霄鎮","坪頂里","457","1471","789","682",144,142,143,190,111,166,97,110,52,52,547,660
"10309","苗栗縣通霄鎮","城北里","293","852","446","406",90,79,82,107,70,109,70,54,35,35,347,384
"10309","苗栗縣通霄鎮","城南里","391","1107","625","482",82,90,85,164,109,160,81,89,57,34,414,537
"10309","苗栗縣通霄鎮","平元里","683","2285","1197","1088",282,290,220,264,235,230,118,118,38,35,893,937
"10309","苗栗縣通霄鎮","平安里","754","2584","1311","1273",306,328,284,281,255,266,126,113,53,29,1024,1017
"10309","苗栗縣通霄鎮","新埔里","427","1481","787","694",186,163,115,189,141,149,93,104,46,45,581,650
"10309","苗栗縣通霄鎮","梅南里","550","1949","1031","918",228,236,180,234,184,205,104,122,60,31,756,828
"10309","苗栗縣通霄鎮","楓樹里","232","541","320","221",32,42,31,76,44,82,51,58,40,23,198,281
"10309","苗栗縣通霄鎮","烏眉里","398","1089","584","505",98,94,84,109,86,153,84,94,65,40,417,490
"10309","苗栗縣通霄鎮","白東里","512","1687","864","823",220,215,159,201,173,196,86,65,39,35,677,712
"10309","苗栗縣通霄鎮","白西里","305","905","506","399",84,109,84,115,97,134,48,54,38,26,351,438
"10309","苗栗縣通霄鎮","福源里","307","990","527","463",96,114,94,153,88,94,47,52,34,17,359,430
"10309","苗栗縣通霄鎮","福興里","326","816","451","365",64,73,73,91,74,130,58,65,39,26,308,385
"10309","苗栗縣通霄鎮","福龍里","219","507","295","212",33,35,38,70,37,72,38,60,40,28,186,265
"10309","苗栗縣通霄鎮","通南里","974","3407","1775","1632",410,479,311,360,392,357,175,148,67,55,1355,1399
"10309","苗栗縣通霄鎮","通東里","489","1445","713","732",172,169,131,148,153,170,99,75,56,36,611,598
"10309","苗栗縣通霄鎮","通灣里","817","2817","1473","1344",330,342,275,336,267,315,162,141,70,41,1104,1175
"10309","苗栗縣通霄鎮","通西里","848","2471","1248","1223",277,292,218,273,259,263,179,146,90,60,1023,1034
"10309","苗栗縣竹南鎮","中港里","448","1349","711","638",127,159,144,158,116,145,69,66,30,17,486,545
"10309","苗栗縣竹南鎮","中美里","734","2507","1294","1213",288,341,287,303,272,273,95,72,33,26,975,1015
"10309","苗栗縣竹南鎮","中英里","539","1798","919","879",224,261,204,220,192,186,77,59,22,15,719,741
"10309","苗栗縣竹南鎮","中華里","1094","3424","1725","1699",374,417,420,418,346,323,153,115,59,36,1352,1309
"10309","苗栗縣竹南鎮","佳興里","1311","4224","2107","2117",433,425,547,489,345,278,190,171,35,32,1550,1395
"10309","苗栗縣竹南鎮","公義里","385","1305","696","609",166,175,120,140,134,156,51,46,29,27,500,544
"10309","苗栗縣竹南鎮","公<U+8218>里","453","1475","780","695",175,189,144,173,166,168,69,60,37,29,591,619
"10309","苗栗縣竹南鎮","大厝里","2220","6492","3246","3246",716,803,828,795,548,499,273,248,98,56,2463,2401
"10309","苗栗縣竹南鎮","大埔里","1270","3988","2054","1934",509,555,375,446,440,438,169,161,82,53,1575,1653
"10309","苗栗縣竹南鎮","天文里","832","2676","1342","1334",344,340,350,326,226,208,72,66,20,13,1012,953
"10309","苗栗縣竹南鎮","山佳里","1931","5778","2910","2868",651,672,793,776,486,418,156,147,59,32,2145,2045
"10309","苗栗縣竹南鎮","崎頂里","1479","4280","2253","2027",534,590,458,581,445,471,145,129,85,56,1667,1827
"10309","苗栗縣竹南鎮","新南里","1819","5270","2614","2656",612,581,715,681,453,431,203,179,96,39,2079,1911
"10309","苗栗縣竹南鎮","正南里","1304","3452","1743","1709",360,392,410,391,351,351,166,153,70,39,1357,1326
"10309","苗栗縣竹南鎮","海口里","1402","4400","2243","2157",482,487,603,643,330,334,141,133,82,45,1638,1642
"10309","苗栗縣竹南鎮","港墘里","747","2482","1282","1200",312,287,284,297,201,234,96,110,48,34,941,962
"10309","苗栗縣竹南鎮","照南里","1488","4464","2211","2253",412,422,577,507,362,333,226,199,82,70,1659,1531
"10309","苗栗縣竹南鎮","營盤里","1316","4135","2059","2076",429,454,579,532,351,321,217,176,56,30,1632,1513
"10309","苗栗縣竹南鎮","竹南里","933","2450","1155","1295",282,219,293,257,290,239,141,121,59,44,1065,880
"10309","苗栗縣竹南鎮","竹興里","1266","3861","2006","1855",451,523,442,491,389,366,172,127,49,53,1503,1560
"10309","苗栗縣竹南鎮","聖福里","1391","4616","2318","2298",435,469,628,561,380,343,179,147,36,29,1658,1549
"10309","苗栗縣竹南鎮","開元里","297","930","477","453",112,129,116,113,77,90,35,33,18,11,358,376
"10309","苗栗縣竹南鎮","頂埔里","830","2635","1350","1285",332,325,268,312,289,295,153,145,40,25,1082,1102
"10309","苗栗縣竹南鎮","龍山里","809","2692","1333","1359",315,333,332,329,254,212,85,67,29,19,1015,960
"10309","苗栗縣竹南鎮","龍鳳里","825","2670","1319","1351",334,345,329,311,283,249,115,90,24,17,1085,1012
"10309","苗栗縣頭份鎮","上埔里","915","3133","1649","1484",316,411,311,367,314,336,173,153,68,40,1182,1307
"10309","苗栗縣頭份鎮","上興里","817","2269","1200","1069",271,299,275,278,205,231,76,89,35,38,862,935
"10309","苗栗縣頭份鎮","下興里","938","3049","1587","1462",339,360,344,396,309,299,138,141,49,42,1179,1238
"10309","苗栗縣頭份鎮","仁愛里","701","1900","933","967",195,197,224,204,203,206,108,96,47,34,777,737
"10309","苗栗縣頭份鎮","信義里","479","1097","587","510",107,127,121,148,113,152,55,43,25,13,421,483
"10309","苗栗縣頭份鎮","合興里","1062","3238","1644","1594",351,389,489,480,261,218,75,69,23,7,1199,1163
"10309","苗栗縣頭份鎮","和平里","445","1280","646","634",126,124,161,152,112,123,89,99,36,13,524,511
"10309","苗栗縣頭份鎮","土牛里","298","1080","552","528",115,132,104,124,100,117,65,62,33,15,417,450
"10309","苗栗縣頭份鎮","尖下里","929","3234","1701","1533",374,418,314,347,308,377,170,146,99,58,1265,1346
"10309","苗栗縣頭份鎮","尖山里","485","1666","848","818",215,209,174,186,148,192,98,84,44,25,679,696
"10309","苗栗縣頭份鎮","山下里","1418","4784","2401","2383",527,519,620,604,409,397,159,150,57,47,1772,1717
"10309","苗栗縣頭份鎮","廣興里","327","1098","579","519",109,126,97,114,108,151,61,67,38,22,413,480
"10309","苗栗縣頭份鎮","建國里","1425","4715","2306","2409",525,565,569,467,463,391,144,142,56,27,1757,1592
"10309","苗栗縣頭份鎮","後庄里","1558","4674","2384","2290",549,533,647,674,359,368,133,111,45,27,1733,1713
"10309","苗栗縣頭份鎮","忠孝里","1342","4181","2023","2158",493,435,518,445,378,339,205,157,61,34,1655,1410
"10309","苗栗縣頭份鎮","成功里","1475","4910","2374","2536",570,566,632,531,484,359,146,144,44,23,1876,1623
"10309","苗栗縣頭份鎮","文化里","1331","4081","1997","2084",473,484,570,537,336,285,118,96,25,25,1522,1427
"10309","苗栗縣頭份鎮","斗煥里","1141","3769","1938","1831",429,498,379,442,377,347,207,166,50,54,1442,1507
"10309","苗栗縣頭份鎮","新華里","1305","4564","2359","2205",493,551,466,532,442,462,264,231,88,76,1753,1852
"10309","苗栗縣頭份鎮","東庄里","1329","3693","1867","1826",402,475,419,446,388,358,195,160,77,38,1481,1477
"10309","苗栗縣頭份鎮","民族里","912","2406","1179","1227",272,278,344,287,230,216,131,107,34,25,1011,913
"10309","苗栗縣頭份鎮","民權里","761","2342","1223","1119",254,297,247,291,226,235,133,126,52,28,912,977
"10309","苗栗縣頭份鎮","民生里","893","2717","1374","1343",304,362,318,349,293,245,145,128,45,19,1105,1103
"10309","苗栗縣頭份鎮","流東里","781","2757","1465","1292",301,343,277,319,260,295,155,126,55,56,1048,1139
"10309","苗栗縣頭份鎮","濫坑里","764","2657","1378","1279",311,343,288,307,248,278,133,127,58,37,1038,1092
"10309","苗栗縣頭份鎮","珊湖里","672","2152","1131","1021",245,273,199,230,219,225,122,123,58,46,843,897
"10309","苗栗縣頭份鎮","田寮里","1541","4561","2244","2317",589,559,553,560,441,429,193,163,84,47,1860,1758
"10309","苗栗縣頭份鎮","自強里","947","2609","1250","1359",279,267,314,304,262,213,160,111,55,37,1070,932
"10309","苗栗縣頭份鎮","興隆里","1610","4990","2597","2393",602,610,542,676,473,493,208,206,73,57,1898,2042
"10309","苗栗縣頭份鎮","蘆竹里","518","1672","890","782",200,213,152,173,170,222,83,92,41,25,646,725
"10309","苗栗縣頭份鎮","蟠桃里","2495","6992","3411","3581",784,770,1135,964,525,423,166,151,53,32,2663,2340
"10309","苗栗縣頭份鎮","頭份里","1365","4065","1979","2086",491,477,474,441,446,374,172,152,65,40,1648,1484
"10309","苗栗縣後龍鎮","中和里","522","1316","721","595",120,104,101,164,111,202,103,107,64,49,499,626
"10309","苗栗縣後龍鎮","中龍里","313","1067","556","511",102,115,106,132,98,104,71,70,30,19,407,440
"10309","苗栗縣後龍鎮","北龍里","556","1831","931","900",199,210,182,191,189,185,118,98,44,29,732,713
"10309","苗栗縣後龍鎮","南港里","499","1416","790","626",132,175,126,191,123,180,97,100,61,44,539,690
"10309","苗栗縣後龍鎮","南龍里","539","1729","887","842",198,208,176,215,163,175,103,74,45,24,685,696
"10309","苗栗縣後龍鎮","埔頂里","949","3507","1797","1710",416,435,363,437,300,316,169,147,74,51,1322,1386
"10309","苗栗縣後龍鎮","外埔里","426","1218","663","555",99,105,104,174,101,171,93,93,65,34,462,577
"10309","苗栗縣後龍鎮","大山里","598","1849","975","874",173,182,190,260,167,191,131,131,58,47,719,811
"10309","苗栗縣後龍鎮","大庄里","1535","5313","2728","2585",635,685,566,600,534,499,211,184,80,57,2026,2025
"10309","苗栗縣後龍鎮","復興里","262","849","448","401",98,85,70,98,66,107,60,54,38,21,332,365
"10309","苗栗縣後龍鎮","新民里","465","1737","864","873",202,187,187,212,146,175,101,79,47,31,683,684
"10309","苗栗縣後龍鎮","東明里","577","1811","983","828",188,210,195,225,134,220,88,91,67,38,672,784
"10309","苗栗縣後龍鎮","校椅里","384","1154","596","558",126,126,105,118,117,136,72,60,32,28,452,468
"10309","苗栗縣後龍鎮","水尾里","387","1272","667","605",131,124,127,187,99,116,96,84,47,37,500,548
"10309","苗栗縣後龍鎮","海埔里","400","1164","620","544",120,135,132,159,102,140,70,68,46,36,470,538
"10309","苗栗縣後龍鎮","海寶里","399","1170","642","528",97,110,118,166,91,139,73,72,44,35,423,522
"10309","苗栗縣後龍鎮","溪洲里","814","2836","1467","1369",329,374,295,334,272,272,162,148,63,45,1121,1173
"10309","苗栗縣後龍鎮","灣寶里","493","1556","874","682",159,175,134,213,129,179,107,90,49,41,578,698
"10309","苗栗縣後龍鎮","福寧里","292","889","508","381",68,102,67,123,88,122,61,56,51,30,335,433
"10309","苗栗縣後龍鎮","秀水里","262","999","508","491",104,104,101,139,93,108,77,53,41,18,416,422
"10309","苗栗縣後龍鎮","豐富里","478","1543","793","750",188,156,141,196,165,172,88,85,49,37,631,646
"10309","苗栗縣後龍鎮","龍坑里","525","1533","825","708",151,179,141,194,147,189,95,92,54,36,588,690
"10309","苗栗縣後龍鎮","龍津里","241","765","418","347",81,88,72,95,60,84,45,37,26,31,284,335
"10309","苗栗縣卓蘭鎮","上新里","841","2589","1365","1224",306,321,236,267,295,324,132,151,53,47,1022,1110
"10309","苗栗縣卓蘭鎮","中街里","362","922","485","437",80,91,80,93,106,121,77,66,32,24,375,395
"10309","苗栗縣卓蘭鎮","內灣里","902","2708","1431","1277",332,369,219,275,292,323,171,169,51,54,1065,1190
"10309","苗栗縣卓蘭鎮","坪林里","632","2091","1096","995",277,271,189,208,201,266,100,104,50,40,817,889
"10309","苗栗縣卓蘭鎮","新厝里","671","1894","981","913",201,224,164,211,214,222,119,123,69,42,767,822
"10309","苗栗縣卓蘭鎮","新榮里","481","1397","726","671",140,150,131,153,153,155,98,103,33,30,555,591
"10309","苗栗縣卓蘭鎮","景山里","340","1147","587","560",148,112,121,132,78,114,68,60,32,26,447,444
"10309","苗栗縣卓蘭鎮","老庄里","886","2506","1281","1225",289,259,206,252,295,307,170,185,86,53,1046,1056
"10309","苗栗縣卓蘭鎮","苗豐里","306","918","502","416",87,123,82,92,113,130,52,55,23,24,357,424
"10309","苗栗縣卓蘭鎮","西坪里","320","909","470","439",104,86,73,103,99,122,50,53,34,20,360,384
"10309","苗栗縣卓蘭鎮","豐田里","413","1286","701","585",133,158,105,136,132,160,72,85,42,22,484,561
"10309","苗栗縣大湖鄉","南湖村","286","805","442","363",75,99,67,93,91,120,40,46,38,17,311,375
"10309","苗栗縣大湖鄉","大南村","276","675","380","295",66,52,47,103,56,97,62,48,26,21,257,321
"10309","苗栗縣大湖鄉","大寮村","515","1517","794","723",162,161,144,160,138,194,103,105,57,32,604,652
"10309","苗栗縣大湖鄉","大湖村","719","1985","1042","943",198,235,168,210,209,225,132,126,76,53,783,849
"10309","苗栗縣大湖鄉","富興村","588","1700","873","827",171,188,162,163,183,222,110,98,65,53,691,724
"10309","苗栗縣大湖鄉","新開村","462","1270","704","566",136,156,105,155,111,141,69,91,43,44,464,587
"10309","苗栗縣大湖鄉","明湖村","280","794","397","397",103,84,67,71,89,103,56,55,32,23,347,336
"10309","苗栗縣大湖鄉","東興村","305","908","510","398",73,86,79,125,87,121,61,70,33,21,333,423
"10309","苗栗縣大湖鄉","栗林村","442","1229","672","557",114,123,101,156,99,160,76,85,59,37,449,561
"10309","苗栗縣大湖鄉","武榮村","195","571","325","246",47,73,47,59,60,91,36,41,26,17,216,281
"10309","苗栗縣大湖鄉","義和村","603","1885","990","895",193,187,182,225,175,235,112,114,57,30,719,791
"10309","苗栗縣大湖鄉","靜湖村","764","2219","1119","1100",250,277,213,220,251,246,134,111,74,44,922,898
"10309","苗栗縣公館鄉","中義村","794","2841","1500","1341",329,360,277,294,275,325,135,161,68,41,1084,1181
"10309","苗栗縣公館鄉","五谷村","839","2719","1378","1341",337,315,293,320,263,295,145,124,64,45,1102,1099
"10309","苗栗縣公館鄉","仁安村","457","1545","841","704",160,170,142,172,143,206,83,106,56,33,584,687
"10309","苗栗縣公館鄉","北河村","151","401","229","172",34,35,33,57,34,57,28,39,20,10,149,198
"10309","苗栗縣公館鄉","南河村","108","265","147","118",24,24,18,34,24,41,22,19,9,11,97,129
"10309","苗栗縣公館鄉","大坑村","384","1183","630","553",119,117,92,127,117,148,79,96,46,37,453,525
"10309","苗栗縣公館鄉","尖山村","546","1775","949","826",198,254,146,163,181,227,105,104,72,40,702,788
"10309","苗栗縣公館鄉","玉泉村","858","2803","1425","1378",308,324,325,311,294,302,114,123,49,40,1090,1100
"10309","苗栗縣公館鄉","玉谷村","550","1704","874","830",203,214,187,188,194,193,71,75,40,27,695,697
"10309","苗栗縣公館鄉","石墻村","484","1833","987","846",194,241,154,186,181,223,89,122,56,30,674,802
"10309","苗栗縣公館鄉","福基村","411","1307","671","636",131,144,114,134,134,159,77,60,47,41,503,538
"10309","苗栗縣公館鄉","福德村","173","449","247","202",44,46,32,47,54,78,25,30,19,13,174,214
"10309","苗栗縣公館鄉","福星村","729","2499","1314","1185",282,326,260,276,241,262,122,118,47,38,952,1020
"10309","苗栗縣公館鄉","開礦村","158","365","198","167",27,37,35,26,39,73,33,28,16,15,150,179
"10309","苗栗縣公館鄉","館中村","665","2056","1021","1035",222,220,197,214,209,212,123,117,69,42,820,805
"10309","苗栗縣公館鄉","館南村","1253","4279","2156","2123",510,534,442,452,443,422,195,153,81,59,1671,1620
"10309","苗栗縣公館鄉","館東村","929","3057","1528","1529",340,324,296,314,298,308,179,173,79,38,1192,1157
"10309","苗栗縣公館鄉","鶴山村","523","1800","968","832",186,252,155,202,180,194,109,97,56,36,686,781
"10309","苗栗縣公館鄉","鶴岡村","592","1903","986","917",224,222,193,207,175,221,118,106,47,31,757,787
"10309","苗栗縣銅鑼鄉","中平村","1192","3772","1997","1775",428,468,373,403,389,462,196,202,93,58,1479,1593
"10309","苗栗縣銅鑼鄉","九湖村","443","1503","834","669",139,171,134,172,128,188,78,88,65,41,544,660
"10309","苗栗縣銅鑼鄉","新隆村","278","702","394","308",47,66,66,79,54,95,48,65,38,25,253,330
"10309","苗栗縣銅鑼鄉","朝陽村","695","2061","1072","989",219,241,208,238,225,254,109,114,57,49,818,896
"10309","苗栗縣銅鑼鄉","樟樹村","485","1625","865","760",197,198,142,180,137,210,91,105,53,24,620,717
"10309","苗栗縣銅鑼鄉","盛隆村","207","514","303","211",33,37,38,58,38,89,39,51,35,24,183,259
"10309","苗栗縣銅鑼鄉","福興村","411","1274","649","625",126,134,134,151,136,154,77,55,37,39,510,533
"10309","苗栗縣銅鑼鄉","竹森村","445","1331","728","603",134,150,116,155,133,200,76,78,56,38,515,621
"10309","苗栗縣銅鑼鄉","興隆村","254","692","373","319",55,57,43,68,62,94,73,66,39,34,272,319
"10309","苗栗縣銅鑼鄉","銅鑼村","1718","5477","2837","2640",641,708,506,536,604,627,298,283,166,107,2215,2261
"10309","苗栗縣南庄鄉","南富村","492","1307","689","618",114,112,118,173,143,180,88,82,65,37,528,584
"10309","苗栗縣南庄鄉","南江村","586","1700","927","773",162,194,152,227,140,192,108,96,60,25,622,734
"10309","苗栗縣南庄鄉","員林村","416","1248","686","562",129,127,105,137,104,183,74,82,54,39,466,568
"10309","苗栗縣南庄鄉","東村","534","1380","770","610",113,124,105,193,122,178,120,98,58,41,518,634
"10309","苗栗縣南庄鄉","東河村","469","1231","688","543",128,149,105,171,120,171,55,47,21,18,429,556
"10309","苗栗縣南庄鄉","獅山村","391","980","545","435",74,100,74,127,100,130,79,83,49,26,376,466
"10309","苗栗縣南庄鄉","田美村","384","979","535","444",78,75,69,141,105,130,77,65,42,25,371,436
"10309","苗栗縣南庄鄉","蓬萊村","403","1071","603","468",88,108,98,138,93,159,64,61,31,23,374,489
"10309","苗栗縣南庄鄉","西村","307","795","419","376",75,77,91,119,66,88,69,49,23,19,324,352
"10309","苗栗縣頭屋鄉","北坑村","294","916","470","446",110,105,100,94,89,119,42,49,26,19,367,386
"10309","苗栗縣頭屋鄉","明德村","435","1226","659","567",113,121,103,162,131,148,93,88,50,30,490,549
"10309","苗栗縣頭屋鄉","曲洞村","329","1067","567","500",115,123,100,123,100,137,72,69,45,29,432,481
"10309","苗栗縣頭屋鄉","獅潭村","608","2037","1082","955",216,281,198,219,215,259,107,107,45,28,781,894
"10309","苗栗縣頭屋鄉","象山村","686","2304","1187","1117",272,266,221,286,254,259,113,115,71,52,931,978
"10309","苗栗縣頭屋鄉","頭屋村","945","2965","1536","1429",328,352,305,354,291,330,202,164,80,73,1206,1273
"10309","苗栗縣頭屋鄉","飛鳳村","199","477","261","216",43,32,45,54,42,74,36,40,23,16,189,216
"10309","苗栗縣頭屋鄉","鳴鳳村","151","377","207","170",28,30,38,52,39,66,31,28,23,17,159,193
"10309","苗栗縣三義鄉","勝興村","1319","4229","2157","2072",564,607,430,395,496,507,139,151,90,47,1719,1707
"10309","苗栗縣三義鄉","<U+53CC>湖村","738","2282","1207","1075",253,265,202,251,227,262,114,132,81,47,877,957
"10309","苗栗縣三義鄉","<U+53CC>潭村","541","1720","927","793",176,215,149,173,170,223,104,120,55,46,654,777
"10309","苗栗縣三義鄉","廣盛村","1562","5205","2675","2530",563,619,527,578,552,566,297,264,125,95,2064,2122
"10309","苗栗縣三義鄉","西湖村","592","1775","954","821",202,237,157,179,205,244,85,75,48,40,697,775
"10309","苗栗縣三義鄉","鯉魚潭村","545","1561","863","698",152,183,162,172,148,225,76,102,51,31,589,713
"10309","苗栗縣三義鄉","龍騰村","178","498","261","237",55,43,52,68,47,71,30,34,17,13,201,229
"10309","苗栗縣西湖鄉","三湖村","411","1095","618","477",100,121,85,128,88,161,83,88,69,41,425,539
"10309","苗栗縣西湖鄉","下埔村","233","683","375","308",64,59,55,97,61,96,54,52,31,27,265,331
"10309","苗栗縣西湖鄉","二湖村","252","805","469","336",69,110,61,103,54,94,59,71,32,18,275,396
"10309","苗栗縣西湖鄉","五湖村","380","1036","562","474",96,84,82,99,97,167,68,90,61,35,404,475
"10309","苗栗縣西湖鄉","四湖村","248","752","422","330",68,76,66,92,53,104,48,60,42,22,277,354
"10309","苗栗縣西湖鄉","湖東村","462","1362","744","618",144,147,115,190,134,165,68,81,49,30,510,613
"10309","苗栗縣西湖鄉","金獅村","233","616","347","269",54,55,56,80,59,88,36,49,30,19,235,291
"10309","苗栗縣西湖鄉","高埔村","234","718","391","327",67,87,59,78,63,97,42,45,40,28,271,335
"10309","苗栗縣西湖鄉","龍洞村","240","534","292","242",42,39,50,76,54,85,37,50,30,14,213,264
"10309","苗栗縣造橋鄉","大西村","1217","4337","2252","2085",532,594,419,460,443,473,219,201,93,58,1706,1786
"10309","苗栗縣造橋鄉","大龍村","182","602","334","268",65,76,42,61,63,76,41,46,18,17,229,276
"10309","苗栗縣造橋鄉","平興村","188","578","307","271",56,37,49,75,51,92,39,35,37,22,232,261
"10309","苗栗縣造橋鄉","朝陽村","457","1583","807","776",213,183,141,184,177,185,85,95,41,29,657,676
"10309","苗栗縣造橋鄉","談文村","279","878","463","415",100,104,78,105,83,129,48,38,40,22,349,398
"10309","苗栗縣造橋鄉","豐湖村","377","1240","666","574",134,166,107,136,142,150,63,76,39,27,485,555
"10309","苗栗縣造橋鄉","造橋村","848","2501","1289","1212",282,312,247,278,302,297,117,117,71,45,1019,1049
"10309","苗栗縣造橋鄉","錦水村","200","605","318","287",60,68,61,53,61,81,37,49,23,12,242,263
"10309","苗栗縣造橋鄉","龍昇村","387","1147","627","520",118,126,119,151,104,139,54,69,43,32,438,517
"10309","苗栗縣三灣鄉","三灣村","832","2742","1465","1277",288,342,244,287,257,329,160,160,89,48,1038,1166
"10309","苗栗縣三灣鄉","內灣村","255","778","438","340",69,78,71,88,64,115,42,68,25,17,271,366
"10309","苗栗縣三灣鄉","北埔村","235","662","366","296",70,76,57,67,53,109,31,43,40,17,251,312
"10309","苗栗縣三灣鄉","大坪村","180","503","273","230",53,46,40,54,49,74,30,39,22,22,194,235
"10309","苗栗縣三灣鄉","大河村","261","675","366","309",54,52,63,88,62,97,61,65,36,26,276,328
"10309","苗栗縣三灣鄉","永和村","211","446","251","195",34,38,28,61,58,72,35,40,23,19,178,230
"10309","苗栗縣三灣鄉","銅鏡村","353","1063","583","480",84,115,104,122,120,154,66,67,33,27,407,485
"10309","苗栗縣三灣鄉","頂寮村","106","293","159","134",21,29,29,33,30,41,19,24,18,15,117,142
"10309","苗栗縣獅潭鄉","和興村","234","672","369","303",49,48,53,79,57,105,51,61,31,25,241,318
"10309","苗栗縣獅潭鄉","新店村","394","1090","598","492",100,119,69,118,113,163,92,75,60,50,434,525
"10309","苗栗縣獅潭鄉","新豐村","150","388","216","172",37,41,31,40,39,70,28,26,21,17,156,194
"10309","苗栗縣獅潭鄉","永興村","241","669","369","300",43,55,54,78,61,121,47,51,42,25,247,330
"10309","苗栗縣獅潭鄉","百壽村","164","409","250","159",32,44,32,44,30,71,27,38,19,17,140,214
"10309","苗栗縣獅潭鄉","竹木村","294","785","430","355",68,69,60,89,71,133,60,74,54,30,313,395
"10309","苗栗縣獅潭鄉","豐林村","262","736","410","326",50,54,69,101,55,127,61,49,49,28,284,359
"10309","苗栗縣泰安鄉","中興村","203","670","349","321",87,96,61,65,78,76,22,24,14,10,262,271
"10309","苗栗縣泰安鄉","八卦村","106","362","204","158",31,38,41,57,35,60,13,13,10,6,130,174
"10309","苗栗縣泰安鄉","士林村","212","723","369","354",88,88,82,90,66,76,32,26,12,1,280,281
"10309","苗栗縣泰安鄉","大興村","204","574","303","271",54,74,65,83,68,67,29,24,10,5,226,253
"10309","苗栗縣泰安鄉","梅園村","183","637","332","305",88,91,51,79,62,64,17,13,5,2,223,249
"10309","苗栗縣泰安鄉","清安村","379","1052","571","481",96,94,99,127,112,163,67,75,35,24,409,483
"10309","苗栗縣泰安鄉","象鼻村","264","825","440","385",72,86,100,118,69,94,42,28,14,4,297,330
"10309","苗栗縣泰安鄉","錦水村","422","1338","721","617",139,126,132,185,147,207,74,73,24,14,516,605
